customer_id,mean_daily_cost,mean_order_cost,mean_weekly_cost,society_id,CUM_VAR,quintile
33023200,0.6604864864864864,122.19,3.9416129032258063,1269408,9.829843594525209e-06,1.0
25203136,0.8387567567567569,155.17000000000002,5.005483870967742,1273104,2.2312835906191273e-05,1.0
3422832,5.332162162162162,54.80277777777776,31.820967741935483,1338400,0.00010166997817494806,1.0
10176208,10.257297297297297,126.50666666666669,61.21290322580645,1294944,0.0002543265884128647,1.0
8242304,12.676108108108105,71.06303030303029,75.64774193548385,1280944,0.0004429817125363541,1.0
23591232,13.782426486486488,169.98325999999997,82.24996451612904,1282512,0.0006481018769713545,1.0
7752304,13.895027027027027,151.21058823529415,82.92193548387097,1282176,0.0008548978451128932,1.0
13492864,14.839297297297295,183.018,88.55709677419354,1333024,0.0010757471349462856,1.0
36351168,16.502222162162163,381.61388750000003,98.48100322580646,1282624,0.0013213452904499267,1.0
23895984,16.599675675675673,127.95583333333333,99.06258064516128,1285312,0.0015683938205110712,1.0
23806496,17.768864864864867,131.48960000000002,106.04,1294048,0.001832843080333209,1.0
28454384,17.89187945945946,91.94438055555555,106.7741193548387,1258096,0.002099123133440977,1.0
15182720,18.473945945945946,79.48093023255818,110.24774193548389,1266048,0.002374065926272935,1.0
20778576,19.645621621621626,151.43499999999997,117.24000000000002,1256416,0.002666446454578739,1.0
21401968,21.35745945945946,77.47313725490196,127.4558064516129,1272544,0.0029843038072396473,1.0
21792400,21.603027027027025,190.31238095238098,128.92129032258063,1284976,0.0033058158762807777,1.0
25650352,22.19882432432432,62.2239772727273,132.47685483870967,1337504,0.0036361950370282464,1.0
28120624,26.826864864864866,57.70895348837209,160.0958064516129,1259440,0.004035452086412981,1.0
23166080,28.473929027027022,94.06565839285717,169.92506032258063,1272096,0.004459221950874869,1.0
6878816,29.933522162162163,113.01431836734685,178.63553548387097,1289232,0.004904714549296606,1.0
34845552,31.066882000000003,87.08141166666668,185.39913451612907,1334704,0.005367074638833152,1.0
7491344,31.140108108108105,137.16476190476192,185.83612903225804,1256416,0.0058305245329371876,1.0
32159456,32.483513513513515,63.25736842105264,193.8532258064516,1339744,0.006313967970117968,1.0
33408032,32.491966540540545,176.79452382352943,193.9036712903226,1338064,0.006797537211437479,1.0
24441872,32.74953389189189,77.6751765384616,195.44076677419355,1260112,0.007284939758707439,1.0
33583760,32.785496756756764,73.96727926829263,195.65538387096777,1289344,0.007772877531669469,1.0
30956128,33.680096756756754,59.91171057692308,200.99412580645162,1293936,0.008274129396985517,1.0
29661072,34.29810616216216,91.95869043478261,204.68224645161288,1331792,0.008784578930867652,1.0
35171696,34.635040540540544,68.89766129032256,206.69298387096774,1267840,0.009300042968920336,1.0
31300640,34.920891189189184,81.77677050632913,208.39886677419352,1289344,0.00981976124566692,1.0
35378784,35.24018805405405,72.43816433333328,210.30434806451612,1257872,0.010344231532191238,1.0
34959456,35.49922972972973,102.6149609375,211.85024193548387,1282960,0.01087255706664031,1.0
31930304,35.71042162162162,66.73159595959604,213.1105806451613,1292144,0.011404025713489413,1.0
21513072,35.72298054054053,153.69189302325583,213.18552903225805,1296064,0.011935681271367304,1.0
40631472,35.767918486486494,91.90367944444444,213.45370709677422,1260000,0.012468005628666753,1.0
31307808,35.86692972972974,80.9192926829269,214.04458064516135,1339520,0.013001803543798334,1.0
43893808,35.877891891891885,138.279375,214.10999999999996,1332688,0.013535764605855274,1.0
20662544,36.32761621621622,117.90542105263162,216.79383870967743,1280832,0.014076418794659255,1.0
22194256,37.03010810810811,53.10519379844959,220.98612903225805,1284640,0.014627527982263367,1.0
29979488,37.24172972972973,58.88649572649576,222.2490322580645,1278480,0.01518178667782006,1.0
34640480,37.756659459459456,166.30909523809535,225.32199999999997,1269856,0.015743708934719755,1.0
38142944,37.97450551351352,109.77005499999991,226.6220490322581,1267280,0.01630887333613391,1.0
21888160,38.47101297297297,98.84913055555565,229.58507741935483,1288448,0.016881427125173487,1.0
32757760,38.57648648648649,78.42472527472543,230.21451612903226,1261344,0.017455550648283958,1.0
34871872,38.67707297297297,73.01284183673482,230.81479032258065,1281392,0.018031171173150125,1.0
37673664,38.830512756756754,86.54993807228914,231.73047935483868,1290800,0.018609075301249108,1.0
31970176,38.95906054054054,72.80228484848487,232.49761935483872,1339744,0.01918889257160743,1.0
30415168,39.059598756756756,96.34701026666667,233.09760548387098,1285536,0.019770206125327934,1.0
21770784,39.40728324324324,79.24290652173913,235.17249677419355,1260112,0.020356694174200624,1.0
21151200,39.760857891891895,55.30645646616547,237.28253903225806,1258096,0.020948444379932405,1.0
40932080,40.079504162162166,185.36770674999997,239.18413774193553,1270976,0.021544936912816705,1.0
22132320,40.33291891891892,158.75723404255316,240.69645161290322,1269072,0.022145200949697574,1.0
36160208,40.498270270270275,90.26722891566261,241.68322580645162,1332800,0.02274792586648315,1.0
21732032,40.74094383783784,107.67249442857144,243.13143903225807,1284752,0.02335426242902155,1.0
37952544,40.806918918918925,83.88088888888895,243.52516129032261,1282512,0.02396158088103299,1.0
24649744,41.11128437837838,107.12095225352114,245.3415358064516,1290576,0.024573429122712005,1.0
37318064,41.51605405405405,86.29741573033706,247.75709677419357,1280832,0.02519130144313465,1.0
32085200,41.53052324324324,84.4301846153846,247.8434451612903,1263472,0.02580938910462722,1.0
23561664,41.753048648648644,86.79004494382026,249.1714193548387,1295616,0.026430788552167944,1.0
24899392,41.830918918918925,61.90975999999993,249.6361290322581,1297408,0.027053346922098577,1.0
23684752,41.83248648648649,51.251721854304805,249.64548387096775,1291472,0.027675928621717746,1.0
35675248,41.8946345945946,86.11674888888889,250.0163677419355,1259552,0.028299435254995512,1.0
5867456,42.09345945945946,112.85927536231881,251.20290322580644,1260784,0.02892590094552019,1.0
30569168,42.112,101.1781818181819,251.31354838709677,1281952,0.029552642569947225,1.0
34548192,42.30567567567567,79.05606060606053,252.46935483870965,1333360,0.030182266617616686,1.0
20847904,42.43053297297298,76.21018058252434,253.214470967742,1256416,0.030813748883022886,1.0
30388512,42.4685772972973,104.75582399999998,253.44150967741936,1288336,0.031445797351925174,1.0
36079456,42.49597789189189,182.83153279069768,253.6050293548387,1297408,0.03207825361654285,1.0
20557040,42.938032432432436,55.94039436619707,256.24309677419353,1257984,0.032717288860568385,1.0
20217680,43.207837837837836,59.21074074074088,257.85322580645163,1265376,0.03336033954622726,1.0
31878784,43.29102702702703,80.8973737373738,258.34967741935486,1289120,0.03400462831432266,1.0
36814960,43.50883891891892,167.6903166666667,259.64952258064517,1294608,0.03465215871850621,1.0
31872176,43.55963243243243,71.95117857142857,259.9526451612903,1292256,0.03530044506895613,1.0
20373696,43.72243248648648,55.78379317241374,260.9241938709677,1270640,0.035951154329035964,1.0
22892128,43.74205405405405,119.00411764705882,261.04129032258066,1257648,0.03660215561165406,1.0
28971712,43.923502702702706,101.57310000000004,262.12412903225805,1258544,0.03725585734594398,1.0
21990640,44.00828691891892,145.38451928571428,262.6300993548387,1270752,0.037910820901030755,1.0
32851056,44.034623243243246,107.18954342105262,262.7872677419355,1336160,0.03856617641258335,1.0
31202640,44.145248648648646,177.5406739130435,263.44745161290325,1287888,0.03922317833243492,1.0
35024416,44.25464,107.72511052631585,264.10027096774195,1259552,0.03988180829448929,1.0
25637696,44.29459459459459,64.01953125000007,264.33870967741933,1338512,0.04054103289008088,1.0
28239120,44.39817297297297,67.88150413223143,264.9568387096774,1332800,0.0412017990149544,1.0
31736544,44.40268210810811,81.3316454455447,264.98374806451613,1332576,0.04186263224807923,1.0
20593216,44.543485405405406,69.83512542372881,265.82402580645163,1290464,0.04252556101899074,1.0
31000704,44.582054054054055,88.6847311827957,266.0541935483871,1294832,0.04318906379677693,1.0
21416304,44.608413027027034,211.60401051282048,266.2114970967742,1257088,0.043852958868102705,1.0
26375776,44.70732632432433,99.64885987951797,266.8017861290323,1285760,0.04451832603955731,1.0
22210272,44.751729729729725,84.48030612244911,267.0667741935484,1263696,0.04518435405500969,1.0
32853520,44.87596708108107,127.72390630769237,267.80819064516123,1337840,0.04585223106170923,1.0
24832192,44.889062162162155,120.35473188405793,267.8863387096774,1257648,0.04652030295899551,1.0
25082960,44.923531513513524,277.02844433333337,268.0920429032259,1296960,0.047188887854411984,1.0
28602112,45.05458918918918,95.80573563218391,268.87416129032255,1338736,0.047859423246137026,1.0
32639600,45.10003243243244,82.60897029702973,269.1453548387097,1263920,0.048530634957488064,1.0
30724400,45.17335675675675,167.14142000000007,269.582935483871,1279040,0.049202937935132245,1.0
25694368,45.214845405405406,204.01820487804878,269.8305290322581,1338176,0.049875858377229534,1.0
37543520,45.34411891891892,88.30170526315791,270.60200000000003,1333136,0.05055070276242747,1.0
28980560,45.46039405405406,247.35802647058821,271.2959,1285200,0.051227277639339784,1.0
38163776,45.665816216216214,101.78525301204819,272.52180645161286,1296400,0.05190690975930886,1.0
25039840,45.825567567567575,121.11042857142851,273.4751612903226,1267392,0.05258891941588153,1.0
29507184,45.85712972972972,83.17224509803917,273.6635161290322,1290576,0.05327139880366582,1.0
35002800,45.89216216216216,92.2831521739131,273.8725806451613,1336944,0.053954399569765325,1.0
32911872,45.96141837837837,81.7582923076924,274.28588387096767,1260000,0.05463843105759387,1.0
22550192,46.160487837837834,58.09313095238095,275.473879032258,1263136,0.05532542524290521,1.0
26355056,46.41612637837839,84.18611156862748,276.9994638709678,1290240,0.05601622402819195,1.0
27012384,46.456825405405404,138.62117258064512,277.2423451612903,1339520,0.056707628526204555,1.0
27985104,46.723405405405416,69.15063999999998,278.83322580645165,1283072,0.05740300046300515,1.0
43453088,46.92313513513513,173.61559999999997,280.02516129032256,1290688,0.05810134492391425,1.0
34575744,46.982215675675675,99.90471149425285,280.37773870967743,1264704,0.058800568664694894,1.0
35000112,47.01437837837837,114.44289473684204,280.5696774193548,1333808,0.05950027107437128,1.0
20195840,47.10053356756757,77.11149300884955,281.0838293548387,1264480,0.060201255708668334,1.0
22722560,47.13048486486486,99.08113295454541,281.2625709677419,1278368,0.06090268610010638,1.0
20160336,47.24323729729729,203.25578837209298,281.93544838709676,1256416,0.06160579455581734,1.0
33834080,47.36483983783785,77.54420681415925,282.661140967742,1333024,0.06231071278959139,1.0
33152896,47.62631621621622,101.27435057471268,284.22156451612904,1267056,0.06301952250631886,1.0
28704704,47.67210810810811,91.86812500000006,284.4948387096774,1332800,0.06372901373151683,1.0
26113920,47.7288108108108,107.68085365853656,284.83322580645154,1259216,0.06443934884786225,1.0
34214992,47.78547351351351,130.00459705882352,285.1713741935484,1334032,0.06515052726004582,1.0
28571648,47.918543675675664,253.28373085714287,285.96550258064514,1332576,0.06586368611983569,1.0
22104096,47.957366,86.98149715686276,286.19718419354837,1286096,0.0665774227618874,1.0
25498368,48.0135891891892,126.89305714285707,286.5327096774194,1290800,0.0672919961586153,1.0
33664400,48.165962216216215,108.66710987804878,287.44203258064516,1265376,0.06800883728232071,1.0
36256976,48.21027027027028,93.88315789473691,287.70645161290327,1332688,0.06872633783093525,1.0
11397904,48.73818378378378,170.1238490566038,290.85690322580643,1338512,0.06945169517507165,1.0
24412080,48.743837837837845,71.56833333333329,290.89064516129037,1292368,0.07017713666698118,1.0
34784624,48.76583243243243,97.00730107526881,291.02190322580645,1267280,0.07090290549855506,1.0
22523088,48.8758918918919,57.22810126582282,291.67870967741936,1292368,0.07163031231560589,1.0
44009280,48.89794594594595,161.53785714285715,291.81032258064516,1338736,0.07235804735724029,1.0
20433168,49.24347713513514,104.7131410344828,293.8723635483871,1260112,0.07309092484707953,1.0
35466256,49.38594594594594,100.40000000000009,294.72258064516126,1269968,0.0738259226620973,1.0
34652576,49.40016216216217,142.79734375,294.8074193548387,1268288,0.07456113205325593,1.0
22320032,49.4689518918919,127.10772361111111,295.2179387096774,1289120,0.07529736522355007,1.0
26673696,49.839370270270265,64.02974652777779,297.4285,1297072,0.07603911123142454,1.0
22699152,49.843027027027034,102.45511111111114,297.4503225806452,1295280,0.07678091166183106,1.0
43837808,49.896054054054055,170.94018518518516,297.76677419354843,1285200,0.07752350127928777,1.0
35405216,50.17486486486486,107.9343023255814,299.4306451612903,1278928,0.0782702403634161,1.0
23333296,50.20378378378378,140.7227272727273,299.6032258064516,1291360,0.07901740984007435,1.0
27487152,50.24852972972973,114.76516049382715,299.8702580645162,1297072,0.07976524525866954,1.0
27198192,50.27769918918918,157.65041271186442,300.0443338709677,1333136,0.08051351479852246,1.0
36441440,50.32686486486486,119.36500000000001,300.33774193548385,1339744,0.08126251605796693,1.0
34162912,50.34579837837838,110.8806273809524,300.45073225806453,1257760,0.08201179909982532,1.0
21866768,50.41951675675676,101.38707173913043,300.89066451612905,1266160,0.08276217927257788,1.0
25291952,50.4206345945946,79.72493504273501,300.897335483871,1256528,0.0835125760818118,1.0
25564112,50.42935205405406,73.4600797637796,300.9493590322581,1256416,0.08426310263066154,1.0
27267632,50.56248648648649,183.41294117647055,301.743870967742,1292032,0.08501561058363483,1.0
28325696,50.69853513513515,83.74311607142856,302.5557741935485,1334704,0.08577014331223157,1.0
33963216,50.73795945945947,96.76827319587626,302.7910483870968,1289456,0.08652526278249502,1.0
20828416,50.90046735135135,130.78592305555554,303.7608535483871,1262352,0.08728280081421712,1.0
27837376,50.90789459459459,165.22737719298252,303.80517741935483,1280272,0.08804044938361245,1.0
33733504,50.94518918918919,181.24730769230771,304.0277419354839,1332800,0.08879865299847697,1.0
26051312,51.16394751351351,99.63505568421058,305.3332351612903,1332800,0.08956011233493023,1.0
24301312,51.39017837837838,141.8982537313433,306.6833225806452,1296960,0.09032493860479297,1.0
27338528,51.41842254054055,288.25479303030306,306.8518764516129,1333024,0.09109018522496143,1.0
25387712,51.43051891891892,126.86194666666667,306.9240645161291,1281840,0.0918556118722916,1.0
21436240,51.4754054054054,79.3579166666665,307.1919354838709,1259104,0.09262170655318598,1.0
33442416,51.52302162162162,132.38554166666668,307.47609677419354,1258432,0.09338850989348149,1.0
32014976,51.5444108108108,183.37915384615388,307.6037419354838,1259440,0.09415563156335474,1.0
25621344,51.64455135135134,161.93630508474575,308.2013548387096,1296064,0.09492424359808953,1.0
26917184,51.674,107.41224719101125,308.37709677419355,1331680,0.09569329390918002,1.0
28732928,51.77259459459459,78.5076229508196,308.9654838709677,1293488,0.09646381157723233,1.0
35759696,51.85748243243244,131.41964726027396,309.4720725806452,1335824,0.09723559260825435,1.0
25996544,51.93881621621622,107.96270786516838,309.95745161290324,1297520,0.09800858410821087,1.0
21734048,51.99102702702704,75.14328124999989,310.26903225806456,1259328,0.09878235264769009,1.0
25074672,52.03756756756758,160.44916666666668,310.54677419354846,1256528,0.09955681383757727,1.0
21298032,52.07953172972974,78.33100300813007,310.797205483871,1264592,0.10033189956885791,1.0
27249040,52.161931891891896,132.19119726027395,311.2889483870968,1293376,0.10110821163969701,1.0
22941296,52.16952594594595,106.05892637362655,311.3342677419355,1286656,0.10188463673081001,1.0
35528304,52.24635675675676,134.24411111111112,311.79277419354844,1264144,0.10266220527431599,1.0
24483984,52.42461621621623,82.89362393162394,312.85658064516133,1269184,0.10344242680564472,1.0
29599472,52.62264172972973,86.92132785714286,314.0383458064516,1259888,0.10422559549768814,1.0
20234480,52.657915135135134,202.95238124999995,314.24884838709676,1260448,0.10500928915438305,1.0
40384848,52.822224054054054,271.4475402777778,315.22940161290325,1282848,0.10579542817673977,1.0
22595776,52.938655135135136,86.6694796460177,315.92423225806454,1257536,0.10658330001171264,1.0
28988512,52.97193772972973,107.6902030769231,316.1228541935484,1269520,0.10737166718263252,1.0
29255856,53.11365789189188,94.4810260576923,316.968603548387,1265376,0.10816214353679349,1.0
36301440,53.18118302702702,109.31687622222222,317.3715761290322,1267840,0.10895362484946708,1.0
42306432,53.18745945945946,192.9349019607842,317.40903225806454,1272880,0.10974519957260463,1.0
23603776,53.205149189189186,144.7493029411764,317.5146,1271648,0.11053703756725498,1.0
27580000,53.21060383783784,158.7735759677419,317.54715193548384,1265376,0.11132895674198119,1.0
24651312,53.261499459459465,68.42623194444445,317.8508838709678,1284752,0.11212163338262142,1.0
29898512,53.2842972972973,85.71821739130439,317.986935483871,1272880,0.11291464931738018,1.0
43202992,53.324648648648655,224.20590909090913,318.2277419354839,1290240,0.1137082657905008,1.0
22556912,53.48616216216215,84.57213675213683,319.19161290322575,1256416,0.1145042860260128,1.0
33531120,53.51484383783784,241.46941731707318,319.3627777419355,1295392,0.11530073312322704,1.0
20581680,53.54624637837838,110.06728422222223,319.55018,1262464,0.11609764757604701,1.0
36188208,53.55323567567568,125.40947594936708,319.5918903225807,1337168,0.11689466604870795,1.0
36114624,53.673324108108105,124.11956200000002,320.3085470967742,1295616,0.11769347176536624,1.0
25853968,53.74163443243243,134.3540860810811,320.71620548387097,1282624,0.11849329412629772,1.0
24323264,53.84900648648648,85.87988103448276,321.35697419354835,1269072,0.1192947144767708,1.0
26430656,53.9312,116.01479069767447,321.8474838709677,1333024,0.12009735809130584,1.0
35706608,53.98594594594594,109.75164835164838,322.1741935483871,1262016,0.12090081647510124,1.0
29616608,53.98806810810811,172.20332068965516,322.1868580645162,1256640,0.1217043064424681,1.0
44891504,53.99708108108108,212.5417021276596,322.2406451612903,1257200,0.12250793054749934,1.0
34879600,54.00458108108109,111.00941666666675,322.28540322580653,1282848,0.12331166627302313,1.0
25167744,54.054584054054054,147.06026544117648,322.5838080645161,1293040,0.12411614617941005,1.0
35587552,54.12983783783784,102.18387755102039,323.0329032258065,1291472,0.12492174606771882,1.0
26076848,54.270331351351345,120.963991566265,323.87133225806446,1268400,0.12572943688338512,1.0
32465440,54.30367567567568,122.51439024390248,324.07032258064515,1284640,0.1265376239537055,1.0
30844576,54.376445405405406,97.66643106796126,324.5045935483871,1256976,0.12734689403643612,1.0
28685664,54.418393351351355,305.0728112121212,324.75492806451615,1334256,0.1281567884192186,1.0
40245744,54.476754594594595,141.9464732394367,325.1032129032258,1332800,0.12896755137676344,1.0
32336640,54.60623740540541,106.33846231578943,325.8759329032258,1263024,0.1297802413923246,1.0
22242304,54.608709189189184,180.4037714285714,325.89068387096773,1271872,0.13059296819478225,1.0
30562112,54.67314583783784,171.43274542372882,326.2752251612904,1338736,0.1314066539906348,1.0
21797776,54.79750864864865,111.40152857142856,327.01739032258064,1257312,0.13222219064491408,1.0
22241520,54.84746702702703,111.50309230769228,327.31552903225804,1286096,0.13303847081636705,1.0
37621920,54.96875675675676,145.27457142857142,328.0393548387097,1281840,0.1338565561104035,1.0
30125424,55.01649351351351,121.16727738095237,328.32423548387095,1271312,0.13467535185781374,1.0
21441840,55.11113513513512,175.78551724137932,328.88903225806445,1269072,0.13549555613114705,1.0
20662656,55.146324324324326,132.49441558441563,329.0990322580645,1271760,0.1363162841157644,1.0
39040512,55.18875675675677,124.51121951219504,329.3522580645162,1279712,0.13713764361091635,1.0
35945504,55.25728378378379,123.16382530120484,329.7612096774194,1271984,0.13796002297546978,1.0
19948880,55.26406021621622,283.995865,329.8016496774194,1272096,0.13878250319185337,1.0
24466288,55.32475675675675,276.6237837837838,330.1638709677419,1265600,0.13960588673860394,1.0
26653984,55.34827027027027,117.69459770114949,330.3041935483871,1295392,0.14042962023068256,1.0
20160448,55.45589864864865,63.32926697530861,330.94649193548383,1256416,0.14125495552710912,1.0
33040336,55.589459459459455,135.31644736842117,331.7435483870967,1262016,0.1420822785733345,1.0
34247920,55.62234108108109,155.91110757575748,331.93977741935487,1270416,0.14291009098793345,1.0
35036736,55.66675675675676,125.58963414634142,332.2048387096774,1283184,0.14373856442914534,1.0
21403312,55.68644324324325,174.61003389830512,332.32232258064516,1292368,0.14456733085906634,1.0
22738016,55.89707351351351,89.14619482758617,333.57930967741936,1260000,0.14539923204292313,1.0
20173328,55.935893837837845,199.00269923076934,333.81097935483876,1256416,0.1462317109792763,1.0
22723456,56.01010810810811,99.63336538461543,334.253870967742,1291808,0.14706529442674993,1.0
25279072,56.132307567567565,146.26023802816897,334.9831258064516,1269296,0.14790069653607116,1.0
27646304,56.251405405405414,226.22847826086965,335.693870967742,1281504,0.14873787114663553,1.0
29274448,56.49664864864865,133.9984615384616,337.15741935483874,1336944,0.14957869564674803,1.0
35178192,56.5119372972973,290.4085666666667,337.2486580645162,1272768,0.15041974768372623,1.0
31145408,56.56638,117.58180112359557,337.57355806451613,1291920,0.15126160997687682,1.0
40309360,56.63993405405406,139.71183733333328,338.01250967741936,1290464,0.15210456695532662,1.0
43858864,56.720864864864865,255.93560975609762,338.49548387096775,1264144,0.15294872840537202,1.0
33282256,56.860708108108106,120.91070114942524,339.33003225806453,1269968,0.15379497110497659,1.0
24965248,56.86654054054055,82.18992187499998,339.3648387096775,1258432,0.15464130060711193,1.0
20175792,56.89462162162161,138.49348684210526,339.5324193548386,1264368,0.1554880480324609,1.0
23526832,57.11677837837838,84.53283200000004,340.8581935483871,1285088,0.1563381017573589,1.0
27048896,57.14213794594595,130.5098212345677,341.0095329032258,1332352,0.1571885329019133,1.0
29758064,57.19226486486486,101.73624038461536,341.3086774193548,1260672,0.1580397100719852,1.0
33404448,57.294326864864864,100.94714733333323,341.9177570967742,1258768,0.15889240620348546,1.0
27292048,57.52232432432432,95.01455357142864,343.27838709677417,1272768,0.15974849556014975,1.0
21504896,57.56362162162162,81.29213740458019,343.52483870967745,1263136,0.1606051995334362,1.0
26072368,57.59757783783783,136.6096397435898,343.7274806451612,1259216,0.16146240886799992,1.0
28416304,57.66751351351352,146.143698630137,344.14483870967746,1288224,0.162320659036506,1.0
29851920,57.68156702702703,201.34131886792457,344.22870645161294,1261008,0.16317911835969218,1.0
32834704,58.02287567567568,117.95859340659337,346.26554838709677,1338848,0.16404265728814252,1.0
23434432,58.02459897297297,91.7482975213676,346.2758325806451,1258544,0.16490622186396528,1.0
35432432,58.04121081081081,123.4209655172414,346.37496774193545,1285760,0.16577003366932433,1.0
41319712,58.09843243243244,223.92104166666672,346.71645161290326,1332912,0.1666346970887622,1.0
22836240,58.183189189189186,75.80204225352108,347.2222580645161,1297184,0.1675006219203251,1.0
31182256,58.233739621621616,149.6283587499999,347.52392999999995,1284752,0.16836729908044373,1.0
26381488,58.36027048648649,134.9581255,348.27903354838713,1259216,0.1692358593655573,1.0
25687088,58.361149189189184,147.90154246575352,348.2842774193548,1336944,0.17010443272816797,1.0
32159232,58.53616594594595,104.12683365384626,349.3287322580646,1337168,0.170975610818325,1.0
33138112,58.57140545945946,124.54839091954021,349.5390325806452,1290688,0.17184731336872955,1.0
37617776,58.67005248648649,115.46765648936177,350.1277325806452,1269520,0.17272048405643375,1.0
35548016,58.79605405405405,114.49757894736844,350.87967741935483,1296064,0.17359552999174288,1.0
29605184,59.01824324324324,100.1685779816514,352.2056451612903,1288672,0.1744738827092842,1.0
35320880,59.2023436756757,144.11096815789477,353.30430903225823,1261792,0.17535497534428565,1.0
34658624,59.23913513513512,267.2985365853659,353.52387096774186,1288672,0.17623661553673073,1.0
41551888,59.3105945945946,154.54169014084505,353.9503225806452,1335040,0.1771193192411843,1.0
21023632,59.34913951351352,78.42564864285724,354.18034870967745,1269408,0.17800259659934933,1.0
26960416,59.67160854054055,169.83457815384614,356.1047606451613,1271424,0.17889067317773252,1.0
38951024,59.71286486486487,175.34730158730167,356.3509677419355,1335600,0.17977936376294806,1.0
40672800,59.72395405405405,178.20857258064518,356.4171451612903,1291472,0.18066821938559824,1.0
20586048,59.82432432432432,112.93367346938777,357.01612903225805,1272768,0.18155856879211602,1.0
31841824,59.953940540540536,136.93183950617282,357.7896451612903,1339968,0.18245084724208704,1.0
24144064,60.02983783783784,98.27893805309736,358.2425806451613,1280160,0.18334425525121933,1.0
37796976,60.03436486486486,135.44338414634151,358.26959677419353,1334032,0.18423773063488313,1.0
29284864,60.048509027027016,102.8608719444445,358.3540054838709,1272096,0.18513141652232662,1.0
27266400,60.05494908108108,87.48161874015756,358.3924380645161,1292032,0.18602519825537087,1.0
24640000,60.06543443243245,88.19131246031752,358.455011935484,1272992,0.1869191360390928,1.0
21865424,60.08633945945947,130.77615058823534,358.57976774193554,1278928,0.1878133849467366,1.0
26019056,60.10938918918917,102.02052293577982,358.7173225806451,1285984,0.18870797689733856,1.0
38352720,60.16070270270269,130.93799999999996,359.0235483870967,1294384,0.1896033325332277,1.0
39014976,60.32967783783784,144.94792727272736,360.0319483870968,1296400,0.19050120298082568,1.0
29318016,60.34972972972973,132.9130952380953,360.15161290322584,1335488,0.19139937185536365,1.0
24419584,60.35454054054054,87.91803149606302,360.18032258064517,1297296,0.19229761232791132,1.0
23279872,60.38481940540541,105.38859990566031,360.36101903225807,1279040,0.1931963034327004,1.0
29188768,60.39848270270271,143.2528115384615,360.44255806451616,1294496,0.19409519788468604,1.0
36422512,60.475502702702705,128.59733333333335,360.9021935483871,1282848,0.19499523860471676,1.0
26359984,60.48144594594595,84.76566287878794,360.93766129032264,1267728,0.19589536777644595,1.0
36180816,60.536486486486496,120.42204301075262,361.2661290322581,1267840,0.19679631610180798,1.0
26264560,60.57864,145.54608311688304,361.5176903225806,1287664,0.19769789178662894,1.0
25974592,60.57913513513514,138.35975308641977,361.52064516129036,1337168,0.1985994748404136,1.0
21034272,60.633567567567574,105.82273584905668,361.84548387096777,1260784,0.19950186799752093,1.0
38472896,60.638540540540546,128.94402298850576,361.87516129032264,1261120,0.20040433516605397,2.0
38966368,60.7389891891892,162.85091304347822,362.4746129032259,1293600,0.20130829728493907,2.0
33660480,60.813891783783774,156.25791638888893,362.92161225806444,1281504,0.2022133741590913,2.0
41875456,60.88108108108108,158.6338028169014,363.3225806451613,1264256,0.20311945099357154,2.0
25675440,60.984216216216225,123.97890109890113,363.9380645161291,1296400,0.20402706276066312,2.0
22256640,60.9872972972973,78.35173611111126,363.95645161290327,1279152,0.20493472038265975,2.0
35469056,61.14095091891892,131.52413860465114,364.8734167741935,1297408,0.20584466479038052,2.0
28435456,61.46137135135136,218.660648076923,366.7856032258065,1287552,0.20675937792963442,2.0
36168832,61.52172389189188,114.9648375757576,367.14577161290316,1259328,0.20767498927959538,2.0
27406400,61.600270270270265,277.9524390243903,367.6145161290322,1289456,0.20859176961428227,2.0
40533920,61.64624702702703,232.74603469387765,367.8888935483871,1288448,0.20950923420873394,2.0
33370512,61.779999999999994,106.81588785046743,368.68709677419355,1265040,0.21042868941288248,2.0
22613248,61.83486054054053,78.89275310344838,369.0144903225806,1288112,0.211348961091772,2.0
25939872,61.94493756756756,112.351112254902,369.67140161290314,1339520,0.21227087101759193,2.0
21737184,61.963122702702705,201.1083807017544,369.7799258064516,1297520,0.2131930515879107,2.0
38192224,62.00293243243244,168.68444852941184,370.01750000000004,1268736,0.21411582463578166,2.0
30228912,62.19220000000001,153.40742666666662,371.14700000000005,1269184,0.21504141450220193,2.0
27418720,62.31995135135136,110.85760576923096,371.9093870967742,1265152,0.21596890565779084,2.0
28607152,62.376245945945946,126.80885164835172,372.2453387096774,1332576,0.21689723463076344,2.0
39368336,62.558255135135134,136.1562023529412,373.3315225806452,1293824,0.2178282723977827,2.0
22205792,62.62621621621622,68.1520588235294,373.73709677419356,1264144,0.21876032161138143,2.0
24171056,62.67513513513514,181.1703124999999,374.02903225806455,1289120,0.21969309887215696,2.0
20680128,62.7390632972973,107.46969175925935,374.4105390322581,1256416,0.2206268275586591,2.0
24999968,62.756391459459465,148.84528743589743,374.5139490322581,1268960,0.22156081413556072,2.0
30426368,62.79126567567568,528.0174613636362,374.72206935483877,1291248,0.22249531973608797,2.0
22373680,62.80127567567568,165.97480000000007,374.7818064516129,1256416,0.22342997431276596,2.0
21848624,62.933074594594586,83.16156285714281,375.5683483870967,1269408,0.22436659041747728,2.0
24246544,62.93395086486486,108.81103654205609,375.5735777419355,1294832,0.2253032195634845,2.0
26661376,62.99986756756757,83.84874460431645,375.96695161290324,1280496,0.226240829730135,2.0
40091184,63.09776216216217,151.59851948051943,376.5511612903226,1258768,0.22717989683583467,2.0
40446336,63.16867162162161,194.7700708333333,376.9743306451613,1333584,0.22812001926804004,2.0
35478240,63.33805405405406,160.51424657534244,377.9851612903226,1288000,0.22906266257365093,2.0
37855552,63.427135135135124,134.87379310344824,378.5167741935483,1335152,0.23000663164914836,2.0
28177296,63.44821621621622,103.87539823008856,378.6425806451613,1295840,0.230950914468733,2.0
40227264,63.480262702702696,160.87463835616435,378.8338258064516,1339408,0.23189567422759855,2.0
31295936,63.56551297297297,139.99547500000003,379.3425774193548,1266832,0.23284170274341873,2.0
22401568,63.576057297297304,154.75750789473682,379.40550322580646,1296400,0.23378788818759555,2.0
38263456,63.61447929729729,222.05054094339621,379.6347958064515,1258208,0.23473464545611447,2.0
33512976,63.61994594594595,112.09228571428568,379.6674193548387,1296400,0.23568148408330203,2.0
26646144,63.66363243243243,106.10605405405404,379.928129032258,1270416,0.23662897288477497,2.0
35013328,63.666540540540545,114.35252427184474,379.9454838709678,1335040,0.2375765049668425,2.0
28080752,63.8993081081081,161.936602739726,381.3345806451613,1339072,0.23852750126631625,2.0
37613968,63.915351351351354,268.735,381.43032258064517,1332800,0.2394787363330851,2.0
34657952,64.19822378378377,232.87590980392156,383.1184322580645,1281952,0.2404341813145531,2.0
35527408,64.27253421621621,212.3289076785716,383.5618977419355,1264704,0.24139073223829724,2.0
20978384,64.28735135135135,237.86319999999992,383.65032258064514,1265152,0.2423475036814977,2.0
22209152,64.44995675675676,76.92414193548389,384.62070967741937,1269072,0.24330669513742434,2.0
22465520,64.45536486486486,147.2128703703703,384.6529838709678,1272992,0.2442659670807764,2.0
20512240,64.52569783783784,192.53635645161287,385.0727129032258,1268064,0.24522628577094013,2.0
32118016,64.61209729729731,134.30604494382027,385.5883225806452,1296400,0.24618789032113356,2.0
24835328,64.72974054054055,173.5507536231884,386.2903870967742,1256416,0.24715124572422814,2.0
31898720,65.0057218918919,293.31850121951226,387.9373725806452,1282624,0.24811870848390655,2.0
22958096,65.06978378378378,136.7944318181819,388.31967741935483,1266272,0.24908712465957533,2.0
35106512,65.07027027027029,132.2857142857145,388.32258064516134,1267168,0.2500555480754923,2.0
37864848,65.20756102702703,280.54415790697675,389.14189645161287,1335152,0.2510260147529953,2.0
40441520,65.34976162162162,154.9962294871795,389.9905129032258,1292144,0.2519985977638866,2.0
35394688,65.76869783783783,168.9890152777778,392.4906161290323,1282400,0.2529774156903526,2.0
33868016,65.86104162162161,152.30365874999998,393.04169999999993,1260560,0.25395760794463623,2.0
22074304,65.86350216216218,171.6161676056338,393.0563838709678,1284640,0.25493783681848614,2.0
25064368,65.87079675675675,176.6101072463768,393.0999161290322,1257760,0.2559181742558349,2.0
22817536,66.2395054054054,105.64059051724135,395.3002741935484,1257088,0.25690399908531414,2.0
35815136,66.48389189189189,159.73402597402597,396.7587096774193,1280944,0.2578934610534599,2.0
29706432,66.48874054054053,141.38410344827582,396.7876451612903,1281504,0.25888299518274577,2.0
38986976,66.63940540540541,195.68714285714293,397.6867741935484,1294832,0.25987477161688893,2.0
32243568,66.64848648648648,173.6615492957748,397.74096774193544,1281392,0.26086668320233114,2.0
36472240,66.80545945945946,162.61855263157895,398.6777419354838,1282512,0.26186093097451524,2.0
35048720,66.84043243243244,122.43049504950507,398.8864516129032,1288112,0.2628556992400953,2.0
29255184,66.91853513513513,263.40274468085113,399.35254838709676,1297184,0.26385162988729494,2.0
33401648,66.96257297297296,139.19186516853935,399.61535483870966,1293824,0.2648482159378481,2.0
25056752,66.97963389189188,93.16715992481205,399.71716999999995,1291472,0.26584505590149105,2.0
25038160,66.98513513513514,163.05592105263167,399.75000000000006,1287776,0.26684197773866475,2.0
22016064,67.02221621621621,217.528245614035,399.9712903225806,1288448,0.2678394514436432,2.0
28025088,67.02527621621621,112.72432818181821,399.9895516129032,1267280,0.2688369706897826,2.0
27998432,67.03799459459458,124.02029000000006,400.06545161290313,1333472,0.2698346792201432,2.0
20049456,67.04291891891893,213.84379310344823,400.09483870967745,1267056,0.2708324610379047,2.0
23147824,67.16176432432434,310.62316000000004,400.8040774193549,1257648,0.27183201160002507,2.0
29920240,67.16291891891892,101.84540983606549,400.8109677419355,1264144,0.27283157934566776,2.0
27555248,67.23565248648649,191.3630109230769,401.2450229032258,1279712,0.2738322295655289,2.0
35372736,67.46708108108108,126.07484848484857,402.62612903225806,1257872,0.27483632407521985,2.0
32342128,67.47829037837838,145.1567874418606,402.6930232258065,1288224,0.27584058540988227,2.0
40821536,67.50351351351351,240.15673076923076,402.84354838709675,1263248,0.27684522213371376,2.0
20160112,67.59000972972974,337.95004864864865,403.359735483871,1256416,0.2778511461575799,2.0
26033504,67.72373081081082,198.87127301587304,404.15774838709683,1264256,0.27885906031650437,2.0
37824416,67.72832432432433,137.68945054945056,404.18516129032264,1290016,0.27986704283946096,2.0
37222080,67.76121621621623,136.25896739130437,404.3814516129033,1292144,0.2808755148836408,2.0
20520416,67.7778918918919,103.62735537190089,404.4809677419355,1260224,0.28188423510743843,2.0
21160720,67.89906324324325,292.123876744186,405.20408709677423,1264144,0.28289475869202585,2.0
23838416,68.00469248648649,146.28916406976757,405.83445516129035,1279376,0.28390685432836804,2.0
20273120,68.00805945945947,153.43281707317072,405.8545483870968,1269968,0.28491900007446774,2.0
22006880,68.06609729729729,114.47479999999996,406.20090322580637,1271200,0.2859320095821738,2.0
22501248,68.09189232432432,221.0000014035088,406.35484129032255,1260224,0.28694540299036286,2.0
36706880,68.1292,155.60372839506175,406.5774838709677,1283520,0.28795935163870334,2.0
25581808,68.21561783783783,238.11111886792446,407.0932032258064,1293152,0.28897458642059404,2.0
26271280,68.24694054054054,106.99732203389843,407.28012903225806,1288336,0.2899902873698853,2.0
33137328,68.35887567567568,166.39989473684216,407.94812903225807,1335936,0.29100765421983255,2.0
20164592,68.39151005405405,258.2128440816327,408.14288258064516,1256416,0.29202550675849837,2.0
24047632,68.5131891891892,108.33282051282067,408.8690322580646,1263248,0.2930451702151642,2.0
34940864,68.51562162162162,130.67412371134012,408.88354838709677,1332688,0.2940648698730708,2.0
34612032,68.55253194594596,352.2838447222223,409.1038196774194,1270416,0.295085118857455,2.0
22959104,68.61793497297299,105.78598308333332,409.4941280645162,1289456,0.2961063412175849,2.0
44247056,68.6577837837838,276.12369565217386,409.73193548387104,1335040,0.29712815663690023,2.0
34948816,68.82735027027027,146.35700919540238,410.74386451612907,1292592,0.2981524956688483,2.0
22297184,68.89737654054055,159.32518325000015,411.16176322580645,1265600,0.2991778768830338,2.0
23810640,68.9040691891892,219.78022068965518,411.2017032258065,1296960,0.3002033577021178,2.0
27144880,68.9991081081081,182.35478571428578,411.7688709677419,1272880,0.3012302529599942,2.0
35482496,69.199728,312.2426751219513,412.9661187096774,1272992,0.3022601339900244,2.0
27093136,69.26505405405405,246.42374999999998,413.3559677419355,1286656,0.30329098725023207,2.0
1615712,69.33657783783784,119.88099906542055,413.7828032258064,1269520,0.3043229049797699,2.0
20183520,69.4521081081081,158.6251851851852,414.4722580645161,1257536,0.3053565421153977,2.0
22686496,69.73270270270271,218.65338983050856,416.1467741935484,1338736,0.30639435526527375,2.0
22493072,69.77337962162161,165.488143974359,416.38952354838705,1291584,0.3074327737988466,2.0
35440608,69.84783783783784,143.57611111111106,416.833870967742,1281056,0.3084723004741221,2.0
25569936,69.85434216216215,201.92270781250005,416.8726870967742,1259328,0.30951192395151567,2.0
29272880,69.87981362162162,187.35892057971017,417.02469419354844,1280720,0.3105519265138227,2.0
26233312,70.17054145945946,206.05635190476184,418.75968290322584,1279936,0.31159625590072487,2.0
25688656,70.26864864864864,127.44803921568636,419.34516129032255,1288784,0.3126420453906647,2.0
23925888,70.29297297297298,164.61012658227853,419.49032258064517,1265264,0.3136881968930129,2.0
36522304,70.30491891891891,228.18263157894734,419.56161290322575,1338512,0.3147345261836772,2.0
22053808,70.4952864864865,197.60042424242422,420.69767741935493,1291360,0.3157836886638964,2.0
6888224,70.5067027027027,191.81970588235305,420.76580645161283,1281168,0.3168330210486059,2.0
23672432,70.53968108108108,176.34920270270283,420.9626129032258,1291136,0.3178828442416939,2.0
27152160,70.6160254054054,197.93885909090918,421.4182161290322,1292704,0.3189338036469267,2.0
24051216,70.7156047027027,143.7624930769231,422.0124796774194,1292592,0.3199862450641881,2.0
26393808,70.78005405405408,91.56860139860144,422.39709677419364,1332800,0.3210396456638953,2.0
24247328,70.97471027027028,198.94426363636362,423.5587548387097,1256416,0.32209594327996743,2.0
21967120,71.29806637837838,84.01364509554143,425.4884606451613,1278256,0.32315705331844796,2.0
20596912,71.32994594594597,162.91407407407402,425.6787096774195,1271648,0.3242186378119998,2.0
20685616,71.53092378378378,133.66889797979798,426.878093548387,1272096,0.325283213404919,2.0
24465280,71.60826178378379,136.57245804123713,427.3396267741936,1286656,0.3263489399985922,2.0
29810256,71.61272729729731,116.21363640350869,427.36627580645165,1335488,0.3274147330513078,2.0
20289248,71.66637837837837,122.76185185185193,427.68645161290317,1266608,0.32848132457870305,2.0
22903552,71.7747027027027,101.36122137404566,428.33290322580643,1294720,0.3295495282680234,2.0
23293648,71.79559367567566,96.95025423357654,428.45757516129026,1278256,0.33061804287210295,2.0
38819872,71.85719999999999,172.64392207792213,428.82522580645156,1294048,0.33168747434661805,2.0
36218784,71.94410810810811,160.3573493975903,429.34387096774196,1282176,0.3327581992512445,2.0
34301008,71.96810810810811,141.63936170212767,429.48709677419356,1290352,0.3338292813414472,2.0
41636560,72.0188108108108,324.9629268292682,429.7896774193548,1272992,0.33490111802640327,2.0
10013136,72.03431043243243,91.90584434482767,429.8821751612904,1260448,0.3359731853880794,2.0
22678320,72.0615135135135,87.13320261437913,430.0445161290322,1289344,0.33704565760593014,2.0
29736784,72.21967086486488,112.27427823529428,430.9883583870968,1284752,0.33812048363730907,2.0
26697664,72.25356216216215,109.56482786885232,431.19061290322577,1260784,0.33919581406379445,2.0
42818944,72.41502702702701,223.27966666666674,432.154193548387,1333584,0.34027354752864647,2.0
33046832,72.44075675675678,372.265,432.307741935484,1262576,0.34135166392217925,2.0
31102960,72.56713513513515,174.34961038961055,433.061935483871,1333360,0.3424316611712914,2.0
23333744,72.65772972972974,140.01749999999998,433.6025806451613,1293824,0.34351300671550666,2.0
22626576,72.668214,163.94658036585366,433.66514806451613,1280720,0.3445945082943101,2.0
21846832,72.67894594594594,85.64079617834398,433.72919354838706,1286544,0.3456761695937926,2.0
37588208,72.84464167567569,151.41863719101121,434.71802290322586,1268064,0.34676029689847104,2.0
24177440,72.96473189189189,449.9491800000001,435.43469032258065,1259552,0.34784621147369443,2.0
27406736,73.0518918918919,229.0610169491526,435.9548387096774,1288896,0.3489334232278688,2.0
26303200,73.11404324324326,109.96827642276413,436.3257419354839,1284752,0.35002155996397016,2.0
33678960,73.22741891891891,208.41650000000004,437.00233870967736,1333024,0.35111138403990677,2.0
26168912,73.29762162162162,110.24439024390247,437.4212903225806,1296400,0.35220225292387747,2.0
30213344,73.34037837837839,138.44867346938776,437.67645161290324,1279712,0.3532937581452148,2.0
20138944,73.35955459459458,99.79057058823531,437.7908903225806,1278592,0.3543855487610455,2.0
21815696,73.3725945945946,89.89357615894043,437.8687096774194,1261680,0.3554775334477059,2.0
27206368,73.41215843243242,122.35359738738745,438.1048164516128,1279824,0.3565701069523753,2.0
31010896,73.46740162162162,209.09952769230773,438.4344935483871,1294496,0.35766350262664315,2.0
20284544,73.48217405405406,105.38141240310075,438.5226516129032,1259104,0.35875711815506894,2.0
24475696,73.53974594594594,151.16503333333335,438.8662258064516,1286656,0.35985159051055227,2.0
25956000,73.60794594594596,123.79518181818177,439.27322580645165,1258880,0.36094707786838137,2.0
29895936,73.74000000000002,146.68709677419352,440.06129032258076,1289232,0.3620445305513518,2.0
34593776,73.89864864864865,262.9086538461539,441.008064516129,1269856,0.36314434435969656,2.0
34854848,73.89950648648649,143.90956526315804,441.01318387096774,1280496,0.36424417093501227,2.0
21031584,73.91743243243243,113.95604166666668,441.1201612903226,1263472,0.3653442642973835,2.0
39317936,74.04921410810812,342.47761525,441.9066003225807,1265488,0.36644631893116153,2.0
22996736,74.07210810810813,104.60564885496193,442.0432258064517,1297184,0.3675487142902138,2.0
22996400,74.0907027027027,138.4523232323233,442.1541935483871,1284416,0.3686513863876405,2.0
21586208,74.1144518918919,102.32219104477605,442.2959225806452,1268624,0.36975441193789327,2.0
26852560,74.39407864864864,139.019237878788,443.96466290322576,1260336,0.3708615990983227,2.0
24106656,74.5818772972973,113.0954696721311,445.08539677419355,1259104,0.37197158121577445,2.0
20457584,74.58500832432433,116.93412322033905,445.1040819354839,1259104,0.37308160993146333,2.0
31187520,74.59892702702703,186.4973175675676,445.18714516129035,1337168,0.37419184579547915,2.0
23494352,74.81457194594594,164.77018821428567,446.47405838709676,1292144,0.37530529104510435,2.0
24086272,74.98347297297296,141.55043367346934,447.48201612903216,1260000,0.37642125000350724,2.0
34200880,75.05735135135136,138.8561000000002,447.92290322580646,1278144,0.37753830847404146,2.0
35020944,75.09823324324324,190.31744041095894,448.16687580645157,1257312,0.3786559753788304,2.0
39037376,75.1048108108108,190.33410958904116,448.206129032258,1284976,0.37977374017579685,2.0
25978400,75.30028037837839,139.30551870000002,449.372640967742,1259552,0.38089441409401864,2.0
32872896,75.35562162162162,199.15414285714286,449.7029032258065,1260784,0.3820159116411512,2.0
27665344,75.41101621621623,178.85946153846157,450.03348387096776,1297184,0.3831382336112083,2.0
22479856,75.6394627027027,218.64532187500004,451.39679354838705,1259328,0.38426395548917847,2.0
26216960,75.71074594594596,189.27686486486482,451.82219354838713,1270640,0.3853907382565784,2.0
29599808,75.79710540540542,177.49955063291148,452.3375645161291,1287776,0.3865188062886987,2.0
37612400,75.80335135135135,154.1057142857143,452.37483870967736,1295952,0.3876469672775608,2.0
25919152,75.80450491891892,140.2383341000001,452.38172290322586,1335712,0.38877514543466024,2.0
25556720,75.8362162162162,275.09215686274507,452.57096774193536,1271200,0.38990379554250953,2.0
36207360,75.8909245945946,147.78758999999985,452.8974532258065,1271200,0.3910332598605112,2.0
28716128,76.03598108108109,195.37022916666672,453.7631129032258,1280944,0.39216488301537583,2.0
25774224,76.05470270270268,165.53082352941172,453.8748387096773,1267728,0.3932967847991241,2.0
38591056,76.09314794594594,192.8387995890412,454.10427,1271536,0.39442925875313745,2.0
30401280,76.14495821621621,149.85975819148945,454.41346032258065,1272544,0.39556250378553576,2.0
27430816,76.1570054054054,102.83975182481774,454.4853548387096,1268176,0.39669592811302634,2.0
20532512,76.21956594594594,96.57958698630152,454.85870000000006,1263136,0.39783028351229704,2.0
38081232,76.28683783783784,162.21913793103448,455.26016129032257,1279824,0.39896564010112895,2.0
35619024,76.46537897297299,157.1788345555555,456.32564870967747,1295952,0.4001036538698872,3.0
28689024,76.51102054054056,136.10133461538473,456.5980258064517,1332688,0.40124234690987937,3.0
37986816,76.6317454054054,172.88869390243903,457.31848064516123,1332016,0.4023828366657224,3.0
21331296,76.71234054054055,106.70513533834612,457.7994516129033,1271200,0.4035245258973898,3.0
32103008,76.88991891891892,125.88172566371689,458.8591935483871,1296400,0.40466885798053254,3.0
33934544,77.01848648648648,303.1578723404256,459.6264516129032,1286992,0.40581510350037137,3.0
24674608,77.07317351351352,127.30836696428582,459.9528096774194,1257088,0.40696216291259607,3.0
25550560,77.08003567567567,114.99844032258058,459.9937612903226,1264816,0.40810932445254355,3.0
24496416,77.27020129729729,376.18387473684214,461.1286206451612,1295168,0.4092593161765384,3.0
32608912,77.29383491891892,190.65812613333344,461.26966,1282176,0.41040965963339815,3.0
31959312,77.3198464864865,130.03792363636367,461.42489032258067,1291584,0.4115603902134558,3.0
33503904,77.34326486486486,332.75590697674414,461.56464516129034,1334480,0.41271146932297087,3.0
28718368,77.35372972972974,119.25366666666667,461.62709677419355,1332464,0.41386270417826865,3.0
28146832,77.54218864864865,196.51102602739724,462.7517709677419,1335040,0.4150167438172144,3.0
28692832,77.7110427027027,256.7239803571429,463.75944838709677,1332688,0.4161732964658516,3.0
37882208,77.76849443243243,232.0511527419355,464.10230548387096,1267728,0.417330704153205,3.0
22265712,77.82378108108108,293.82447959183673,464.43224193548383,1296064,0.4184889346569524,3.0
31391360,77.83402702702703,149.9926562500001,464.4933870967742,1294608,0.4196473176483709,3.0
32247936,77.91037567567568,151.72020526315796,464.9490161290323,1281952,0.42080683691629206,3.0
37060800,78.02483243243243,232.81603225806447,465.63206451612905,1335936,0.4219680596134888,3.0
26678064,78.13894167567568,164.26936602272733,466.3130390322581,1261008,0.4231309805680106,3.0
24393488,78.24394594594594,222.6943076923077,466.93967741935484,1259888,0.42429546427298165,3.0
31036208,78.33049513513512,126.0099269565218,467.4561806451613,1339744,0.42546123606636993,3.0
20677776,78.43937118918919,168.73585662790703,468.1059248387097,1262016,0.42662862823292935,3.0
33071360,78.54288497297298,135.79844598130833,468.7236683870968,1265152,0.42779756096742655,3.0
27178928,78.60789189189188,159.8072527472528,469.11161290322576,1291248,0.42896746118249846,3.0
32637136,78.62998416216216,188.9161957142858,469.24345387096776,1332800,0.4301376901909157,3.0
28303520,78.71463675675676,227.53449687500006,469.74863870967744,1282624,0.4313091790612404,3.0
35454608,78.92508108108109,162.23488888888892,471.0045161290323,1334816,0.4324837999181171,3.0
26282592,79.0452308108108,102.26131258741269,471.72153870967736,1282848,0.4336602089312625,3.0
22082032,79.0901172972973,281.37830192307695,471.98940967741936,1259104,0.43483728597797205,3.0
30132816,79.13134324324325,131.8855720720724,472.235435483871,1332800,0.4360149765794007,3.0
44348976,79.1538918918919,395.7694594594595,472.37000000000006,1295280,0.43719300276633183,3.0
36426320,79.1726831891892,195.29261853333338,472.48214161290326,1291248,0.4383713086191111,3.0
37690912,79.21205789189189,155.8960713829788,472.71711967741936,1337056,0.4395502004750518,3.0
38879008,79.23144994594595,236.41642322580648,472.8328464516129,1259440,0.4407293809377425,3.0
28603232,79.24432432432432,183.25249999999997,472.90967741935486,1332688,0.4419087530063607,3.0
33450368,79.35201978378377,193.15952184210522,473.5523761290322,1337168,0.44308972787767653,3.0
27462624,79.45311864864864,249.13266016949163,474.1557080645161,1339856,0.44427220737633843,3.0
27211184,79.50686486486487,105.0626428571428,474.47645161290325,1291696,0.44545548676555063,3.0
23277520,79.61977567567567,109.10858148148158,475.1502741935484,1267952,0.4466404465761388,3.0
39184096,79.6365945945946,368.31924999999995,475.2506451612903,1272656,0.4478256566981956,3.0
25898432,79.73307027027026,237.91319354838714,475.82638709677417,1282624,0.449012302641911,3.0
26002592,79.77205405405404,125.06635593220338,476.05903225806446,1270192,0.4501995287708462,3.0
28599424,79.77766054054054,132.96276756756757,476.09249032258066,1336160,0.4513868383396191,3.0
27660640,80.01162162162164,134.5650000000002,477.4887096774195,1262688,0.4525776298885405,3.0
31065552,80.12594378378378,126.69486837606853,478.1709548387097,1293488,0.4537701228636022,3.0
36762432,80.17921837837838,166.66466741573058,478.4888838709678,1332576,0.4549634087101959,3.0
27123936,80.4461081081081,183.73493827160496,480.0816129032258,1332800,0.45616066660520227,3.0
20206032,80.48967891891894,144.56884077669912,480.34163225806464,1270640,0.4573585729529239,3.0
22808128,80.60152972972973,95.58514743589774,481.0091290322581,1288448,0.4585581439463252,3.0
31793552,80.60388686486486,346.78416441860463,481.0231958064516,1290464,0.4597577500203378,3.0
37198448,80.64891891891891,162.17445652173927,481.29193548387093,1283184,0.4609580262943577,3.0
24864784,80.68345081081078,113.94227786259532,481.4980129032257,1270416,0.462158816497282,3.0
31826144,80.86772972972972,151.11646464646492,482.59774193548384,1295504,0.46336234927403297,3.0
30744560,80.86891891891891,127.86965811965807,482.6048387096774,1257312,0.46456589974916834,3.0
37401280,80.87201837837839,157.48761473684218,482.623335483871,1263696,0.46576949635272924,3.0
27684160,80.90627027027027,152.73122448979572,482.82774193548386,1259440,0.4669736027180294,3.0
39058544,80.9980745945946,194.6057636363638,483.37560645161295,1265040,0.46817907538251646,3.0
25644192,81.01418270270271,211.09329295774654,483.471735483871,1283184,0.4693847877796651,3.0
28208768,81.04641513513513,282.89786415094335,483.6640903225806,1294608,0.4705909798834783,3.0
21782432,81.06854902702703,208.3011329166666,483.7961796774194,1256528,0.4717975014000803,3.0
26163200,81.1048464864865,258.69649310344823,484.01279354838715,1260560,0.4730045631220561,3.0
26154688,81.49294594594592,327.7433695652173,486.3288709677418,1264032,0.47421740082440944,3.0
26288752,81.66637297297297,155.75545360824748,487.3638387096774,1338736,0.47543281959478717,3.0
26210576,81.79559729729729,140.11282870370368,488.1350161290322,1294048,0.476650161576196,3.0
35463008,82.06688854054055,194.64582538461536,489.75401225806456,1268176,0.4778715411125649,3.0
27428128,82.14842432432432,266.6220789473685,490.2405967741936,1265600,0.47909413412418034,3.0
25785312,82.2102972972973,310.38581632653063,490.60983870967743,1260000,0.48031764797469173,3.0
29396416,82.4364798918919,148.06552213592232,491.9596380645162,1272544,0.4815445280402192,3.0
23552144,82.48345945945947,123.06000000000019,492.24,1260784,0.4827721072900763,3.0
47358080,82.55459459459459,587.4076923076923,492.6645161290323,1294832,0.48400074522510983,3.0
34804000,82.56181621621623,144.09373584905657,492.7076129032259,1334704,0.485229490637605,3.0
35609168,82.66556756756756,147.049326923077,493.3267741935484,1296400,0.4864597801536926,3.0
31330208,82.90627027027028,136.94339285714287,494.76322580645166,1339744,0.48769365198367876,3.0
32448528,82.9393945945946,156.5692653061224,494.9609032258065,1297184,0.48892801679411785,3.0
23778832,83.04063897297297,105.94840144827586,495.5651035483871,1278368,0.49016388839754155,3.0
36239728,83.05043243243244,207.62608108108122,495.62354838709683,1294272,0.4913999057544011,3.0
26732608,83.36743243243244,220.32821428571435,497.51532258064515,1332688,0.4926406409374134,3.0
28511056,83.42151351351352,208.5537837837838,497.838064516129,1289792,0.49388218099468023,3.0
22612240,83.47881081081081,214.49416666666664,498.18000000000006,1292480,0.49512457379228675,3.0
29701056,83.50686486486487,188.3996341463414,498.34741935483873,1256752,0.49636738411087084,3.0
27200320,83.52648648648649,203.32105263157894,498.46451612903223,1295616,0.49761048645279765,3.0
31651312,83.57497297297297,208.9374324324325,498.7538709677419,1281952,0.49885431040612516,3.0
36727712,83.74378378378377,164.8148936170212,499.7612903225806,1283184,0.5001006467255665,3.0
31649184,83.7587027027027,138.35142857142858,499.8503225806452,1286208,0.501347205079285,3.0
22585360,84.21189405405406,163.9915831578946,502.55485161290324,1294720,0.5026005081585857,3.0
28846832,84.41315135135136,132.34265254237286,503.7559032258065,1339744,0.5038568064963743,3.0
34632864,84.53022216216216,157.96051616161623,504.45455161290323,1257424,0.5051148471677053,3.0
27256432,84.63437837837837,326.195,505.07612903225805,1268176,0.5063744379681241,3.0
36778784,84.67408648648649,206.114552631579,505.3130967741935,1282064,0.5076346197336877,3.0
29784720,84.9531081081081,133.18919491525418,506.9782258064516,1283632,0.5088989541033639,3.0
42054432,85.04654054054055,238.3880303030304,507.5358064516129,1339408,0.5101646790029241,3.0
25623920,85.06064864864865,110.04349650349643,507.62,1334144,0.511430613869681,3.0
33801824,85.39926486486486,315.97727999999995,509.6407741935484,1262912,0.512701588270951,3.0
39163040,85.54318918918919,243.46907692307693,510.4996774193549,1288672,0.5139747046594175,3.0
20180720,85.68503027027026,108.57349726027401,511.3461483870967,1270752,0.515249932030729,3.0
22539328,85.70449081081082,166.89821894736835,511.4622838709678,1257648,0.5165254490280565,3.0
43610000,85.72627027027025,259.9895081967214,511.59225806451605,1333472,0.5178012901632498,3.0
25368672,85.96536956756756,795.1796685,513.0191409677419,1296064,0.5190806897492882,3.0
20292384,86.16524324324324,122.61976923076925,514.211935483871,1270752,0.520363064001744,3.0
29466192,86.3463285945946,153.59683451923087,515.2926061290323,1290688,0.5216481332990153,3.0
24972976,86.42055135135136,149.41871028037383,515.7355483870969,1289680,0.5229343072337092,3.0
32003552,86.4402114054054,249.8662360937501,515.8528745161291,1280944,0.5242207737637253,3.0
29570128,86.56378756756757,307.9673211538461,516.5903451612904,1282736,0.5255090794446868,3.0
35437696,86.56632432432431,168.57652631578966,516.6054838709676,1271872,0.5267974228795202,3.0
30698528,86.62108054054053,132.4371892561984,516.9322548387096,1268624,0.5280865812364637,3.0
24893792,86.66977243243242,334.0397479166666,517.2228354838709,1339072,0.5293764642618015,3.0
35126672,86.68527837837838,356.37281111111116,517.315370967742,1338624,0.5306665780579825,3.0
25365424,86.71151351351351,216.7787837837838,517.471935483871,1271984,0.5319570823046577,3.0
26777184,87.18655405405404,159.6981435643564,520.3068548387097,1271872,0.5332546564525498,3.0
21450352,87.20145945945946,125.05635658914748,520.3958064516129,1278144,0.534552452433601,3.0
26416544,87.28155675675677,122.32642424242432,520.873806451613,1259104,0.5358514404812893,3.0
25170320,87.49027027027027,129.48559999999983,522.1193548387097,1265152,0.5371535347563356,3.0
21425824,87.54829227027027,253.06928234375,522.4656151612903,1262016,0.5384564925572779,3.0
26341504,87.73729837837838,133.04426393442623,523.5935548387097,1259216,0.5397622632855383,3.0
22833888,87.78844794594595,172.77513691489366,523.8988022580645,1294720,0.5410687952591224,3.0
30036048,87.794,200.51716049382716,523.9319354838709,1259104,0.5423754098624409,3.0
21762832,87.85436437837839,124.06914053435118,524.2921745161291,1291248,0.5436829228526459,3.0
26049296,88.07243243243244,175.19784946236555,525.5935483870968,1335040,0.5449936812913317,3.0
33372864,88.18843243243245,181.27622222222234,526.285806451613,1265488,0.5463061661269695,3.0
43482768,88.394972972973,297.3285454545455,527.5183870967743,1272992,0.5476217248501901,3.0
39792480,88.51887837837837,204.69990625000003,528.2578225806452,1294048,0.5489391276243951,3.0
22731632,88.75060378378377,288.05020526315786,529.6406999999999,1267840,0.550259979105786,3.0
38921904,88.90848648648648,483.76676470588245,530.5829032258065,1337280,0.5515831803131827,3.0
34792912,88.92863735135136,216.47102513157887,530.7031583870968,1333584,0.5529066814205076,3.0
24143728,88.9595065945946,108.99012397351,530.8873780645162,1282512,0.5542306419465174,3.0
42128240,89.07302702702702,253.51553846153843,531.5648387096774,1263248,0.5555562919667385,3.0
30324560,89.12794594594595,177.29752688172042,531.8925806451614,1286432,0.5568827593305304,3.0
21832496,89.78538162162161,1277.715046153846,535.8159870967742,1286768,0.5582190111335162,3.0
24721200,89.7879954054054,120.36796485507253,535.8315854838709,1264032,0.5595553018367464,3.0
43706432,89.8169189189189,361.2202173913043,536.004193548387,1270976,0.5608920230008867,3.0
20887664,90.0441081081081,101.57414634146343,537.36,1258544,0.5622321253609208,3.0
20178480,90.07514324324326,196.0458999999999,537.5452096774195,1271424,0.5635726896085644,3.0
25475184,90.10391891891894,140.07752100840312,537.716935483871,1260672,0.5649136821168872,3.0
20791344,90.17740540540538,308.941111111111,538.1554838709676,1335824,0.5662557683049191,3.0
20591648,90.35057297297297,145.34657391304358,539.1889032258065,1271648,0.5676004316995096,3.0
29116640,90.4413081081081,169.0064848484848,539.7303870967742,1260336,0.5689464454808304,3.0
37740192,90.55208972972972,178.21421914893614,540.3915032258063,1337728,0.5702941079953743,3.0
21746256,90.56724324324324,120.53913669064742,540.4819354838709,1279824,0.571641996035604,3.0
24975440,90.72005405405405,130.10240310077523,541.3938709677419,1279376,0.5729921583182299,3.0
22047312,90.75595945945945,199.87919642857145,541.6081451612903,1278816,0.5743428549713943,3.0
37307536,90.84686486486487,212.74265822784827,542.1506451612904,1335936,0.5756949045453758,3.0
29472912,90.89511351351352,148.81058407079638,542.4385806451613,1266272,0.577047672191081,3.0
24684688,90.9092854054054,210.22772249999997,542.5231548387096,1260560,0.57840065075326,3.0
33218864,91.10156524324323,150.48026401785734,543.6706312903225,1259776,0.5797564909648005,3.0
34846448,91.13313837837838,177.4697957894736,543.8590516129033,1294944,0.5811128010708606,3.0
34986224,91.61185945945944,178.40204210526326,546.7159354838708,1269296,0.5824762358546373,3.0
35514640,91.79211983783784,182.59722763440868,547.7916829032258,1337392,0.5838423534053773,3.0
36394176,91.89076162162162,177.08115520833348,548.3803516129033,1335824,0.5852099390153833,3.0
31995824,91.91884113513511,173.52026132653057,548.5479229032256,1268960,0.5865779425252733,3.0
27614832,91.98660540540538,133.99623622047238,548.952322580645,1263136,0.5879469545526601,3.0
42062384,92.0550810810811,298.7752631578946,549.3609677419356,1264704,0.5893169856852,3.0
25689888,92.21135135135134,155.08272727272745,550.2935483870967,1284976,0.5906893425463454,3.0
21739200,92.3083762162162,114.61107114093942,550.8725677419354,1270528,0.5920631434025853,3.0
26031376,92.52168702702703,2139.5640125,552.1455516129032,1259216,0.5934401189065283,3.0
25949168,92.56464864864864,131.72661538461534,552.401935483871,1284640,0.5948177337967869,3.0
27620320,92.87286237837839,139.6868255284555,554.2412754838709,1295056,0.5961999357494895,3.0
28604128,92.89286486486486,133.2184496124032,554.3606451612903,1338736,0.5975824353938447,3.0
25960816,93.61562162162161,150.59904347826108,558.6738709677419,1285312,0.5989756916335598,3.0
22206576,93.6646308108108,175.0298656565655,558.9663451612903,1293936,0.6003696772639199,4.0
24605392,93.67029929729729,208.7831972289157,559.0001732258064,1259104,0.6017637472568472,4.0
22785392,93.67728594594594,175.05351414141407,559.0418677419354,1270416,0.6031579212301963,4.0
24636752,93.75325405405403,159.122495412844,559.4952258064515,1260784,0.604553225816565,4.0
20205808,93.8352437837838,147.11457711864415,559.9845193548388,1259888,0.6059497506341361,4.0
38908464,93.93438702702701,369.7417361702128,560.5761806451612,1280720,0.60734775097406,4.0
26835088,94.12589864864866,147.5702648305086,561.7190725806453,1297520,0.6087486015301892,4.0
20302464,94.18130162162163,512.4570823529415,562.0497032258065,1264368,0.6101502766339361,4.0
25123840,94.22006972972972,125.40081223021588,562.2810612903226,1287104,0.6115525287130593,4.0
30603888,94.69107870270271,143.58893081967219,565.0919212903226,1262016,0.6129617906926585,4.0
29710912,94.80856702702704,292.3264149999999,565.7930612903226,1261232,0.614372801219542,4.0
26469632,94.90388627027026,262.04804417910435,566.3619019354838,1272544,0.6157852303572098,4.0
34746992,95.03070610810812,175.80680630000003,567.11873,1336160,0.61719954692058,4.0
36234688,95.26432432432433,518.3499999999999,568.5129032258066,1332576,0.6186173403613325,4.0
31404128,95.29598918918917,156.01555752212403,568.7018709677419,1271984,0.6200356050617936,4.0
22911280,95.54756708108108,163.66944361111123,570.2032229032259,1296512,0.6214576139286829,4.0
34825056,95.57966216216215,184.18997395833352,570.394758064516,1333584,0.6228801004580736,4.0
27462064,95.67167567567569,208.22658823529406,570.943870967742,1293488,0.6243039563999578,4.0
42275072,95.90675675675676,281.63095238095224,572.3467741935484,1261344,0.6257313109906507,4.0
31373776,95.95427027027027,155.71526315789467,572.6303225806452,1334256,0.6271593727122479,4.0
25297776,96.29988594594593,181.79060102040805,574.6928677419354,1272096,0.6285925781394397,4.0
42443408,96.79237837837834,284.23158730158724,577.6319354838707,1270976,0.6300331131996842,4.0
21170016,96.8346416756757,121.04330209459457,577.8841519354839,1260784,0.6314742772532705,4.0
32320736,96.90844864864864,229.84696153846156,578.3246129032258,1259328,0.6329165397562806,4.0
25485600,97.01651767567567,227.1905793670885,578.9695409677419,1284640,0.6343604106216943,4.0
29601936,97.05914799999998,256.51346257142853,579.2239477419354,1288448,0.6358049159428149,4.0
28251104,97.37596059459459,180.14552710000004,581.1146035483871,1339072,0.6372541363009835,4.0
20700624,97.91086486486486,107.18053254437883,584.3067741935483,1269968,0.6387113174962358,4.0
20271664,97.98051027027027,179.46925148514848,584.7224,1271872,0.6401695352054155,4.0
32086096,98.4289781081081,168.60519398148142,587.3987403225806,1284976,0.6416344273413903,4.0
29522304,98.51286864864866,207.10091704545448,587.8993774193549,1269520,0.643100567997826,4.0
22926624,98.65839843243243,114.07377318750007,588.7678616129032,1260784,0.6445688745350817,4.0
21380688,98.75561627027027,281.0736770769233,589.3480325806452,1271088,0.6460386279393969,4.0
25667712,98.89993356756757,156.38023683760684,590.209280967742,1288224,0.6475105291794203,4.0
26759712,99.45073189189189,287.47477187499993,593.4963032258064,1333360,0.6489906278034795,4.0
20864144,99.68581081081079,130.79343971631212,594.899193548387,1269968,0.6504742250441685,4.0
22384768,99.7807027027027,174.14556603773582,595.4654838709678,1292592,0.651959234535486,4.0
20325200,100.423,161.5500434782608,599.2985483870968,1262240,0.6534538031655638,4.0
28710752,100.69938340540538,196.09879926315787,600.9479332258063,1296400,0.6549524851358883,4.0
34461952,100.85474864864867,177.696461904762,601.8751129032258,1333248,0.6564534793655434,4.0
21734832,100.97756486486486,125.37482885906046,602.6080483870968,1261680,0.6579563014360719,4.0
21780640,100.99212702702701,165.34109292035404,602.6949516129031,1260784,0.659459340231362,4.0
22847552,100.99483589189187,296.5721371428571,602.7111174193548,1287328,0.660962419341963,4.0
23943920,101.16083189189189,813.6849521739131,603.7017387096774,1285200,0.662467968926602,4.0
45090416,101.32578378378379,426.02886363636355,604.6861290322581,1269184,0.6639759734460974,4.0
26894672,101.36538221621622,218.0534384883721,604.9224422580645,1295056,0.665484567298464,4.0
21732592,101.57468,140.23369999999986,606.1714774193548,1271424,0.6669962760737265,4.0
23312800,101.79672756756757,160.9606376068376,607.4966,1272544,0.6685112895235046,4.0
28573888,102.09758,158.7231285714287,609.2920096774193,1339744,0.6700307804795094,4.0
35019936,102.14989189189188,207.6673626373626,609.6041935483871,1279040,0.6715510499793994,4.0
24667104,102.3747197297297,170.62453288288296,610.9459080645161,1294384,0.6730746655318232,4.0
21907312,102.66669729729732,452.2223571428572,612.6883548387098,1280160,0.6746026265082352,4.0
20950944,102.83361297297299,306.84223225806454,613.6844645161291,1268736,0.6761330716459723,4.0
27166608,102.85787189189188,145.25730000000001,613.8292354838709,1259216,0.6776638778227065,4.0
20164816,103.43696486486488,136.68456071428568,617.2851129032258,1256416,0.6792033024851593,4.0
27119344,103.63724324324322,184.3547115384617,618.4803225806451,1335600,0.6807457078371115,4.0
27687968,103.75497297297296,152.33865079365086,619.1829032258064,1282960,0.6822898653291201,4.0
26558336,103.8241081081081,314.876393442623,619.5954838709678,1278592,0.6838350517408402,4.0
32093600,104.06708108108108,178.26305555555544,621.0454838709677,1268512,0.6853838542542838,4.0
27023920,104.08762162162162,160.46841666666668,621.168064516129,1264368,0.6869329624670946,4.0
24260096,104.25560864864863,147.23120305343508,622.1705677419353,1272992,0.6884845707858654,4.0
20129088,104.42645405405408,123.05028025477698,623.1901290322581,1260784,0.690038721751077,4.0
20418944,104.55755243243244,351.69358545454537,623.9724903225807,1270416,0.6915948238183648,4.0
20776224,104.58807027027026,135.30624475524485,624.1546129032257,1266272,0.6931513800744648,4.0
25715200,104.83272502702705,277.05791614285715,625.6146493548389,1279152,0.6947115774618258,4.0
23075696,104.97108108108107,154.1242063492064,626.4403225806451,1288224,0.6962738339653074,4.0
39298112,105.20405405405405,299.4269230769229,627.8306451612904,1295280,0.697839557743189,4.0
28858928,105.43475843243242,201.08691041237117,629.2074293548386,1339744,0.6994087150325842,4.0
34814864,105.60183783783782,267.621095890411,630.2045161290322,1337168,0.7009803589200502,4.0
24424960,105.6339945945946,264.08498648648646,630.3964193548387,1339632,0.70255248138792,4.0
25209856,105.72556972972973,173.09053451327432,630.9429161290323,1262240,0.7041259667440152,4.0
27856192,105.81718124324323,190.0599857281553,631.4896299999999,1288112,0.7057008155297457,4.0
22385440,105.91194594594594,356.24927272727274,632.0551612903225,1256416,0.7072770746731821,4.0
27455680,105.93941621621619,188.44992307692294,632.2190967741933,1332912,0.7088537426492982,4.0
40814816,106.2266345945946,262.02569866666664,633.9331419354838,1333024,0.7104346852196638,4.0
22503600,106.42664864864865,143.71481751824822,635.1267741935484,1269072,0.7120186045456606,4.0
22715280,106.92291891891891,167.63338983050846,638.0883870967741,1257648,0.7136099097292596,4.0
29465968,106.97601940540541,173.60143499999998,638.4052770967743,1286096,0.7152020051931863,4.0
25734352,107.10260227027027,404.36696775510205,639.160690967742,1279600,0.7167959845560101,4.0
27827296,107.19230632432429,175.49182893805312,639.6960216129031,1289232,0.7183912989602604,4.0
22515808,107.38589189189189,261.39986842105264,640.8512903225807,1278480,0.7199894944466984,4.0
21208208,107.85299459459458,157.10869291338577,643.6388387096773,1295616,0.7215946416976371,4.0
34010144,107.90414594594594,184.8358055555556,643.9440967741936,1332576,0.7232005502204472,4.0
37088576,108.16018702702699,259.8653844155845,645.4720838709676,1256416,0.7248102693341357,4.0
34116992,108.24359459459461,270.60898648648634,645.9698387096774,1333024,0.7264212297803277,4.0
23241904,108.95095459459459,335.9321100000001,650.1911806451612,1267056,0.7280427176760698,4.0
25976160,109.30947459459459,200.22032475247528,652.330735483871,1270976,0.7296695413290114,4.0
22809248,109.4164054054054,136.77050675675667,652.968870967742,1287552,0.7312979564045897,4.0
21844368,109.76332972972975,141.01538888888894,655.0392258064518,1261568,0.7329315346620301,4.0
41762336,109.77929729729729,290.131,655.1345161290322,1287552,0.7345653505605048,4.0
25529840,110.59756216216218,305.3813283582091,660.0177096774195,1335040,0.7362113444759488,4.0
33078752,110.69442518918918,819.1387463999998,660.5957632258064,1285984,0.7378587799778982,4.0
33272848,110.70015135135137,305.6645970149254,660.629935483871,1281840,0.7395063007007863,4.0
32895744,110.78293886486487,259.42840113924046,661.12399,1333024,0.7411550535280793,4.0
19989312,111.21080659459459,447.26085260869576,663.6773941935484,1260560,0.7428101741962722,4.0
34349952,111.42440540540541,236.93695402298857,664.9520967741935,1278368,0.744468473798395,4.0
23400048,111.57855513513513,275.2271026666666,665.8720225806452,1271200,0.7461290675696862,4.0
39594800,111.77524324324324,261.7521518987345,667.0458064516129,1339184,0.7477925885974455,4.0
23273600,112.45536832432431,158.81101633587772,671.1046174193548,1280160,0.7494662317447461,4.0
27887552,112.69260540540542,204.39345098039217,672.5203870967742,1283520,0.7511434056280265,4.0
26450032,112.90518081081082,144.05143758620702,673.7889822580646,1258880,0.7528237432141681,4.0
35645792,113.1244918918919,348.8005166666666,675.0977741935485,1260560,0.7545073447484293,4.0
22627248,113.20282372972974,168.89130959677422,675.5652383870969,1289344,0.7561921120744669,4.0
24467632,113.32940540540535,158.8328787878788,676.32064516129,1293824,0.7578787632817031,4.0
26367264,113.76113513513512,284.4028378378378,678.8970967741935,1293488,0.7595718398069515,4.0
20415360,113.94721081081082,146.39051388888868,680.0075483870968,1297520,0.7612676856466765,4.0
25995088,114.03618816216215,164.81792820312506,680.5385422580645,1333360,0.7629648557125063,4.0
28343280,114.14966059459458,161.20371916030535,681.2157164516128,1256416,0.7646637145581762,4.0
28050736,114.24927545945945,264.20144950000014,681.8101922580645,1292368,0.7663640559452172,4.0
27573952,114.28647567567569,195.7685,682.0321935483872,1339520,0.7680649509731193,4.0
35604464,114.57151351351354,232.9201098901099,683.7332258064517,1257872,0.7697700881428696,4.0
25956224,114.7322783783784,184.56931739130437,684.6926290322582,1265264,0.7714776179330738,4.0
27936720,115.05886702702703,208.68520000000004,686.6416258064517,1272992,0.7731900082547221,4.0
25312336,115.48607243243244,381.5164892857142,689.1910774193549,1339072,0.7749087565600745,4.0
22135792,115.58236108108109,388.7770327272726,689.7657032258065,1291024,0.7766289379036124,4.0
22000608,115.690740972973,186.11119200000013,690.4124864516131,1260784,0.7783507322360728,4.0
29305696,115.80221081081083,212.11296039603968,691.0777096774194,1339744,0.7800741855442939,4.0
26410048,116.76996756756756,148.98237241379294,696.8530322580644,1287888,0.7818120417172989,4.0
23166528,117.1215135135135,228.07873684210523,698.9509677419354,1256416,0.7835551298545238,4.0
31535280,117.34394594594595,305.7553521126758,700.2783870967743,1339184,0.7853015283941049,4.0
27543936,117.55965194594594,171.248311889764,701.5656648387096,1297072,0.7870511372283489,4.0
33419456,117.75543783783785,201.71070370370367,702.734064516129,1260336,0.7888036598916183,4.0
38747072,117.76307702702704,330.09347348484846,702.7796532258066,1293264,0.7905562962468957,4.0
24150000,117.87086486486487,177.28544715447163,703.4229032258065,1269296,0.7923105367797136,4.0
27465648,118.31062378378378,383.9906210526316,706.047270967742,1293488,0.7940713221268172,4.0
38902416,118.31891891891894,1368.0625,706.0967741935485,1279040,0.7958322309281968,4.0
33579952,118.35475675675679,193.76663716814156,706.3106451612905,1288448,0.7975936730945246,4.0
26449920,118.63912275675676,199.52943372727273,708.0076680645162,1271424,0.7993593474039178,4.0
27529040,118.74368648648648,172.97308661417316,708.6316774193548,1332912,0.8011265779073133,5.0
26891200,119.5285495675676,190.62742818965515,713.3155377419356,1271648,0.8029054893178705,5.0
35451584,119.85199999999999,346.4471875000001,715.2458064516129,1295280,0.8046892145546398,5.0
20285664,119.89886486486488,157.3141134751773,715.5254838709677,1258880,0.8064736372686493,5.0
24455536,120.10864864864864,170.92384615384617,716.7774193548387,1297520,0.8082611821385626,5.0
21974288,120.22527675675678,196.82899292035404,717.4734258064518,1261456,0.8100504627533925,5.0
26542432,120.27853459459457,206.032675,717.7912548387096,1294272,0.8118405359903682,5.0
35893088,120.44497297297298,237.0459574468086,718.7845161290322,1262240,0.8136330862851809,5.0
22949136,120.68428048648649,199.3445704464285,720.2126416129032,1296960,0.8154291981296649,5.0
25407088,121.04384848648648,279.913899625,722.3584506451613,1260560,0.817230661328452,5.0
20126848,121.24051410810809,350.4608610937499,723.5321003225805,1272096,0.8190350514490468,5.0
20460720,121.57760486486488,281.1482112499999,725.543770967742,1270976,0.8208444584011496,5.0
20588176,121.97822702702703,135.12558083832346,727.9345806451613,1269968,0.8226598277056626,5.0
22594320,122.08942956756755,215.10994733333337,728.5982087096774,1285872,0.8244768520078222,5.0
25987360,122.1372918918919,162.5568273381295,728.8838387096774,1294048,0.8262945886321441,5.0
24727584,122.25399616216215,182.39507491935473,729.5802996774192,1259104,0.8281140621348837,5.0
37473744,122.26638259459457,251.32534199999984,729.6542187096774,1332912,0.8299337199815819,5.0
37596048,122.72437837837839,241.5320212765955,732.3874193548388,1338736,0.8317601940569442,5.0
21562016,122.77314054054051,582.3854102564108,732.6784193548385,1261680,0.8335873938465147,5.0
25009712,123.09289189189188,234.76479381443312,734.5866129032257,1269632,0.8354193524098634,5.0
38653776,123.39130378378377,296.4596259740259,736.3674580645161,1293488,0.8372557521575272,5.0
22299984,124.06864864864865,147.1326923076921,740.4096774193548,1295728,0.8391022326475187,5.0
34893264,124.10857459459459,342.6878552238807,740.6479451612903,1290464,0.8409493073446772,5.0
24793216,124.25302702702702,167.78693430656932,741.5099999999999,1262688,0.842798531888724,5.0
25639936,124.58653881081082,200.4218233043478,743.5003122580646,1337392,0.844652719999382,5.0
22046976,124.61010270270272,162.3441478873239,743.6409354838711,1281840,0.8465072588051359,5.0
23184224,125.46286486486487,163.4551408450704,748.73,1296400,0.8483744890419015,5.0
24199168,125.51303135135134,263.86262272727276,749.0293806451613,1270528,0.8502424658930581,5.0
22820448,126.75481081081081,161.72165517241376,756.4399999999999,1262688,0.8521289238155388,5.0
26371184,127.79482594594595,171.3191507246376,762.6465419354838,1267168,0.8540308600049085,5.0
30464896,128.01262270270269,358.82326060606056,763.9462967741935,1337168,0.855936037605114,5.0
25994528,128.3720103243243,213.95335054054044,766.0910293548385,1264816,0.8578465638750996,5.0
26872048,128.46902756756757,312.72065921052615,766.6700032258065,1286432,0.859758534026749,5.0
30488192,129.2822702702703,192.8808064516127,771.5232258064517,1265712,0.8616826074518726,5.0
20663552,129.62603513513514,167.69801748251749,773.5747258064516,1258208,0.8636117970374689,5.0
21180656,130.24384545945946,334.65432513888896,777.2616583870969,1264480,0.8655501813287608,5.0
25233824,130.93515999999997,432.5536535714286,781.3872451612903,1335600,0.8674988542693244,5.0
32652032,131.02650540540543,249.895912371134,781.932370967742,1332016,0.8694488866791075,5.0
27586384,131.37148594594595,188.40096821705413,783.9911258064517,1271424,0.8714040533419389,5.0
31827600,131.80013135135133,363.9257358208953,786.5491709677417,1282624,0.8733655994196089,5.0
39947152,131.93502702702705,297.6582926829269,787.3541935483872,1261344,0.8753291531135142,5.0
22324176,132.14556756756758,153.75427672955936,788.6106451612903,1296400,0.8772958402259319,5.0
28161280,132.8953962162162,258.7962978947368,793.0854290322579,1280160,0.8792736868374305,5.0
29689744,133.1106210810811,246.25464900000028,794.369835483871,1285200,0.8812547365829864,5.0
3954608,133.4003064864865,398.04930161290315,796.0986032258065,1257312,0.8832400976388946,5.0
20664336,133.44881621621622,164.58687333333324,796.3880967741935,1271760,0.8852261806521262,5.0
30593696,133.8055848108108,206.28360991666665,798.5171996774194,1288560,0.8872175733568597,5.0
28050960,134.8580264864865,216.945520869565,804.7979,1332352,0.8892246292693589,5.0
21803824,135.1050508108108,265.89823829787235,806.2720774193549,1265600,0.891235361578759,5.0
25616304,135.46576702702703,185.63827333333322,808.4247387096774,1293600,0.8932514623310571,5.0
24995712,135.54819999999998,253.29714141414135,808.9166774193548,1262576,0.895268789911228,5.0
24965024,136.35650162162162,274.195139130435,813.7404129032258,1265376,0.8972981472280861,5.0
20175904,138.9445281081081,414.5925435483866,829.1850870967743,1256416,0.8993660214504389,5.0
35484624,139.04277297297295,352.36867123287675,829.7713870967741,1257088,0.9014353578248196,5.0
27392960,140.69671508108107,200.22224838461526,839.6416867741935,1293264,0.9035293093769061,5.0
23422336,141.00098108108108,199.12352290076348,841.4574677419355,1272768,0.9056277892384316,5.0
29442560,142.5931189189189,223.55700847457598,850.9589354838708,1269968,0.9077499644612508,5.0
32178384,142.77229189189188,253.9699423076921,852.0281935483871,1278704,0.9098748062674697,5.0
33454624,143.2878789189189,273.2810061855669,855.1050838709676,1278480,0.9120073214174116,5.0
30080848,143.38597567567567,221.05337916666664,855.6905,1272208,0.914141296515128,5.0
30630096,143.99300540540543,324.8622682926829,859.3130967741936,1335712,0.9162843058738361,5.0
38485664,145.3082325945946,1033.9239626923077,867.1620332258066,1339520,0.9184468894067711,5.0
22657264,146.70943243243244,361.8832666666665,875.5240322580645,1286880,0.9206303266218517,5.0
36187312,146.89761351351356,283.0839427083334,876.647048387097,1258880,0.9228165644855939,5.0
24466736,147.08489675675673,251.95098055555562,877.7647064516128,1334480,0.9250055896357178,5.0
22004752,147.85345945945943,168.84499999999957,882.3512903225806,1294608,0.9272060530988346,5.0
27650896,148.00363508108106,322.1255587058822,883.2474996774191,1282064,0.9294087515855326,5.0
41704656,148.3663243243243,428.8714062500001,885.4119354838708,1289792,0.9316168478791613,5.0
29695344,149.26886486486487,220.91792000000012,890.7980645161291,1263472,0.9338383764420836,5.0
26472320,149.9115054054054,195.30724295774652,894.6331774193546,1281840,0.9360694692521636,5.0
24248000,150.01279891891892,183.79051523178822,895.2376709677419,1286544,0.9383020695864932,5.0
26410496,150.09775405405404,269.5930533980582,895.7446612903225,1286432,0.9405359342853602,5.0
21877744,150.39457513513514,191.88273379310317,897.5160129032258,1296624,0.9427742164929308,5.0
20514256,150.78337945945947,242.56456695652165,899.8362967741936,1260784,0.945018285171194,5.0
26825008,150.92273189189189,300.2226387096775,900.6679161290323,1260784,0.9472644277944106,5.0
29272544,151.22292324324323,354.1296303797469,902.4593806451611,1293824,0.9495150380851608,5.0
26035408,151.433886,282.98251424242426,903.718351935484,1281840,0.9517687880781543,5.0
31972080,152.0243264864865,262.845798130841,907.2419483870968,1292368,0.9540313254388726,5.0
20298656,152.56429227027027,340.05294060240976,910.4643248387097,1259552,0.9563018989658253,5.0
20541024,153.38516216216217,515.931909090909,915.363064516129,1272992,0.9585846892796672,5.0
34309408,153.88305405405404,281.86500000000007,918.3343548387096,1281168,0.9608748895852721,5.0
30754416,157.38632432432433,231.08309523809524,939.2409677419355,1331792,0.9632172281246345,5.0
26418000,157.70286486486486,339.24453488372086,941.1300000000001,1281504,0.9655642776521374,5.0
27676096,162.71504432432434,358.3605142857142,971.0413935483872,1291584,0.9679859221049902,5.0
27456800,164.0002927027027,221.46024927007298,978.7114241935484,1284752,0.9704266945654528,5.0
31844064,168.61421183783784,271.2489494782609,1006.246102903226,1260560,0.9729361347494557,5.0
21727776,171.74667567567568,219.12506896551733,1024.9398387096776,1267168,0.9754921945543311,5.0
25883872,173.44206735135134,265.18002033057843,1035.0574987096775,1338960,0.9780734864197322,5.0
26034960,173.79708108108107,226.42577464788752,1037.1761290322581,1339632,0.980660061859451,5.0
23711184,175.0137837837838,204.9212025316457,1044.4370967741936,1290016,0.983264745159835,5.0
35839104,175.78584886486485,318.82727490196066,1049.0445819354838,1272880,0.9858809188981721,5.0
28046592,176.1550810810811,245.02774436090235,1051.248064516129,1335040,0.9885025878207554,5.0
25895184,178.03750270270268,222.54687837837815,1062.4818709677418,1263696,0.99115227232049,5.0
29650880,178.26404102702702,458.0395498611111,1063.8337932258064,1289792,0.993805328329471,5.0
30372720,184.22375902702703,921.1187951351353,1099.3998522580646,1333248,0.9965470812262854,5.0
20608112,232.00839027027027,703.6320032786887,1384.5662,1271984,1.0,5.0
